{"config": {"1": {"script": "complete-network-example", "commit": "", "params": ["appPeriod", "nDevices", "print", "radius", "simulationTime"]}}, "results": {"1": {"params": {"appPeriod": 591, "nDevices": 1200, "radius": 2000, "simulationTime": 1, "print": 1, "RngRun": 0}, "meta": {"id": "1be31d45-6abf-4e7a-bfd4-372e71913bb5", "elapsed_time": 10.22099757194519}}, "2": {"params": {"appPeriod": 1006.0, "nDevices": 1200, "radius": 2000, "simulationTime": 1, "print": 1, "RngRun": 10}, "meta": {"id": "217dbe5f-bb7c-4484-b17e-bde59ee950a0", "elapsed_time": 33.19724154472351}}, "3": {"params": {"appPeriod": 4959.0, "nDevices": 1200, "radius": 2000, "simulationTime": 1, "print": 1, "RngRun": 7}, "meta": {"id": "3b681581-c01e-4c16-8683-3d605366abdd", "elapsed_time": 35.40701770782471}}, "4": {"params": {"appPeriod": 120000.0, "nDevices": 1200, "radius": 2000, "simulationTime": 1, "print": 1, "RngRun": 1}, "meta": {"id": "6f73255c-e08b-4a3b-9d85-e9c70af02fa5", "elapsed_time": 37.039543867111206}}, "5": {"params": {"appPeriod": 8392.0, "nDevices": 1200, "radius": 2000, "simulationTime": 1, "print": 1, "RngRun": 6}, "meta": {"id": "c5fb7c90-5959-46d7-a923-815bc9fde418", "elapsed_time": 37.76326322555542}}, "6": {"params": {"appPeriod": 14286.0, "nDevices": 1200, "radius": 2000, "simulationTime": 1, "print": 1, "RngRun": 5}, "meta": {"id": "0cdd83b6-22c2-40d0-93c9-fe24c8e2eab0", "elapsed_time": 37.7651789188385}}, "7": {"params": {"appPeriod": 24490.0, "nDevices": 1200, "radius": 2000, "simulationTime": 1, "print": 1, "RngRun": 4}, "meta": {"id": "f32d3848-9f45-4dbf-8343-1caba0fad3b0", "elapsed_time": 37.812787771224976}}, "8": {"params": {"appPeriod": 70589.0, "nDevices": 1200, "radius": 2000, "simulationTime": 1, "print": 1, "RngRun": 2}, "meta": {"id": "e58ba202-ef0c-4e0d-a700-435a3ccbcaf9", "elapsed_time": 37.92404007911682}}, "9": {"params": {"appPeriod": 2913.0, "nDevices": 1200, "radius": 2000, "simulationTime": 1, "print": 1, "RngRun": 8}, "meta": {"id": "2eccfb13-839e-4b9c-a155-d82b95bdf5c0", "elapsed_time": 38.10678458213806}}, "10": {"params": {"appPeriod": 1710.0, "nDevices": 1200, "radius": 2000, "simulationTime": 1, "print": 1, "RngRun": 9}, "meta": {"id": "6466a8d7-a920-4f3f-8421-2971a11932e2", "elapsed_time": 38.250288009643555}}, "11": {"params": {"appPeriod": 41380.0, "nDevices": 1200, "radius": 2000, "simulationTime": 1, "print": 1, "RngRun": 3}, "meta": {"id": "acc8f538-d9c9-49d1-96ca-2f6ef9baa370", "elapsed_time": 10.581475973129272}}, "12": {"params": {"appPeriod": 4959.0, "nDevices": 1200, "radius": 2000, "simulationTime": 1, "print": 1, "RngRun": 17}, "meta": {"id": "86b9566f-c2de-4034-9ab6-c9beb638e2c6", "elapsed_time": 43.81952881813049}}, "13": {"params": {"appPeriod": 1710.0, "nDevices": 1200, "radius": 2000, "simulationTime": 1, "print": 1, "RngRun": 19}, "meta": {"id": "d04df2af-9ea6-4e2b-97e4-54e030426a72", "elapsed_time": 43.987151861190796}}, "14": {"params": {"appPeriod": 41380.0, "nDevices": 1200, "radius": 2000, "simulationTime": 1, "print": 1, "RngRun": 13}, "meta": {"id": "057fad62-cd96-4e40-ac94-de7a37fe9f9c", "elapsed_time": 44.37959551811218}}, "15": {"params": {"appPeriod": 120000.0, "nDevices": 1200, "radius": 2000, "simulationTime": 1, "print": 1, "RngRun": 11}, "meta": {"id": "eb6d15ce-f5dd-4dd5-a889-14cd56d49475", "elapsed_time": 44.58555293083191}}, "16": {"params": {"appPeriod": 14286.0, "nDevices": 1200, "radius": 2000, "simulationTime": 1, "print": 1, "RngRun": 15}, "meta": {"id": "fdf4d062-22da-4f86-a2d4-a3f208bb294c", "elapsed_time": 44.59522104263306}}, "17": {"params": {"appPeriod": 2913.0, "nDevices": 1200, "radius": 2000, "simulationTime": 1, "print": 1, "RngRun": 18}, "meta": {"id": "84ab7fef-aae1-4226-b9fe-be9980d86006", "elapsed_time": 44.87017488479614}}, "18": {"params": {"appPeriod": 24490.0, "nDevices": 1200, "radius": 2000, "simulationTime": 1, "print": 1, "RngRun": 14}, "meta": {"id": "34cfe6f8-9bbe-4ee6-bc48-edd17523361b", "elapsed_time": 44.96554946899414}}, "19": {"params": {"appPeriod": 70589.0, "nDevices": 1200, "radius": 2000, "simulationTime": 1, "print": 1, "RngRun": 12}, "meta": {"id": "5a0e0b33-c96c-4bbb-aa47-30d787dc13fd", "elapsed_time": 44.9721782207489}}, "20": {"params": {"appPeriod": 1006.0, "nDevices": 1200, "radius": 2000, "simulationTime": 1, "print": 1, "RngRun": 20}, "meta": {"id": "2e263a6c-a02a-44e1-aa04-02424c39f787", "elapsed_time": 44.97855019569397}}, "21": {"params": {"appPeriod": 591.0, "nDevices": 1200, "radius": 2000, "simulationTime": 1, "print": 1, "RngRun": 21}, "meta": {"id": "cc5f88cc-86ff-4c5a-a2dd-255c4a492e85", "elapsed_time": 45.12947154045105}}, "22": {"params": {"appPeriod": 8392.0, "nDevices": 1200, "radius": 2000, "simulationTime": 1, "print": 1, "RngRun": 16}, "meta": {"id": "33e933a5-9223-4071-a6c6-8665aedf3af5", "elapsed_time": 10.43772840499878}}, "23": {"params": {"appPeriod": 41380.0, "nDevices": 1200, "radius": 5000, "simulationTime": 1, "print": 1, "RngRun": 27}, "meta": {"id": "07842ed0-4e0a-4830-8189-a018d66406fd", "elapsed_time": 44.989181995391846}}, "24": {"params": {"appPeriod": 41380.0, "nDevices": 1200, "radius": 5000, "simulationTime": 1, "print": 1, "RngRun": 26}, "meta": {"id": "c88042eb-c7e7-45ab-980a-b0aa4c73d385", "elapsed_time": 45.13433599472046}}, "25": {"params": {"appPeriod": 14286.0, "nDevices": 1200, "radius": 5000, "simulationTime": 1, "print": 1, "RngRun": 30}, "meta": {"id": "8475600c-0984-41f7-b07c-41a1686dbb05", "elapsed_time": 45.34330606460571}}, "26": {"params": {"appPeriod": 120000.0, "nDevices": 1200, "radius": 5000, "simulationTime": 1, "print": 1, "RngRun": 22}, "meta": {"id": "883b6b21-e7a9-4389-8b02-12fb3ce7ead3", "elapsed_time": 45.41919660568237}}, "27": {"params": {"appPeriod": 1710.0, "nDevices": 1200, "radius": 5000, "simulationTime": 1, "print": 1, "RngRun": 39}, "meta": {"id": "27e23749-90b7-4450-ba69-7765cc3dbef8", "elapsed_time": 46.077083349227905}}, "28": {"params": {"appPeriod": 4959.0, "nDevices": 1200, "radius": 5000, "simulationTime": 1, "print": 1, "RngRun": 34}, "meta": {"id": "c90f37af-80f9-41c6-8b78-afc0acf23d52", "elapsed_time": 46.15734028816223}}, "29": {"params": {"appPeriod": 120000.0, "nDevices": 1200, "radius": 5000, "simulationTime": 1, "print": 1, "RngRun": 23}, "meta": {"id": "491a2610-6178-45e2-9646-063d4fbb1bfa", "elapsed_time": 46.58635759353638}}, "30": {"params": {"appPeriod": 2913.0, "nDevices": 1200, "radius": 5000, "simulationTime": 1, "print": 1, "RngRun": 36}, "meta": {"id": "e116e877-a74a-47b4-a2c7-c1c43eb3279a", "elapsed_time": 46.67806124687195}}, "31": {"params": {"appPeriod": 1710.0, "nDevices": 1200, "radius": 5000, "simulationTime": 1, "print": 1, "RngRun": 38}, "meta": {"id": "3b06eb83-d878-47e7-a2f3-f1816801eea9", "elapsed_time": 46.9359712600708}}, "32": {"params": {"appPeriod": 4959.0, "nDevices": 1200, "radius": 5000, "simulationTime": 1, "print": 1, "RngRun": 35}, "meta": {"id": "5d3a7a51-29e2-42ba-8a15-3cd6450dcb6c", "elapsed_time": 47.69857382774353}}, "33": {"params": {"appPeriod": 1006.0, "nDevices": 1200, "radius": 5000, "simulationTime": 1, "print": 1, "RngRun": 40}, "meta": {"id": "72ff38a8-dceb-4bee-9e0c-2c2b700a778f", "elapsed_time": 47.82938098907471}}, "34": {"params": {"appPeriod": 70589.0, "nDevices": 1200, "radius": 5000, "simulationTime": 1, "print": 1, "RngRun": 25}, "meta": {"id": "96b5c1d6-5dff-424e-b22b-ade367c5d0e1", "elapsed_time": 31.806950330734253}}, "35": {"params": {"appPeriod": 591.0, "nDevices": 1200, "radius": 5000, "simulationTime": 1, "print": 1, "RngRun": 43}, "meta": {"id": "5b19a615-ef9e-42e3-aff2-8eeacee3ca52", "elapsed_time": 33.852333068847656}}, "36": {"params": {"appPeriod": 24490.0, "nDevices": 1200, "radius": 5000, "simulationTime": 1, "print": 1, "RngRun": 28}, "meta": {"id": "4bd0babc-77db-4c73-828b-9df99d05bcd7", "elapsed_time": 34.25969099998474}}, "37": {"params": {"appPeriod": 591.0, "nDevices": 1200, "radius": 5000, "simulationTime": 1, "print": 1, "RngRun": 42},